Client_ID,default ,SEX,EDUCATION,MARRIAGE,AGE,LIMIT_BAL,Pay_Month,Pay_Status_Code,Pay_Status_Label
21038,Non-Defaulter,Male,High School,Married,37,80000,Month 1,0,Revolving Credit
19725,Non-Defaulter,Female,University,Single,28,270000,Month 5,0,Revolving Credit
12460,Non-Defaulter,Male,University,Single,43,290000,Month 1,0,Revolving Credit
25781,Non-Defaulter,Female,University,Married,32,200000,Month 1,0,Revolving Credit
7525,Non-Defaulter,Female,University,Married,32,270000,Month 3,-1,Payment Delayed
17402,Non-Defaulter,Female,University,Single,48,50000,Month 4,0,Revolving Credit
9718,Non-Defaulter,Female,University,Married,33,360000,Month 4,-1,Payment Delayed
12101,Non-Defaulter,Male,University,Married,41,120000,Month 1,1,Delay 1 Month
25276,Defaulter,Female,University,Single,23,30000,Month 4,0,Revolving Credit
11598,Non-Defaulter,Female,Graduate school,Single,44,300000,Month 4,-1,Payment Delayed
14825,Defaulter,Male,High School,Single,26,20000,Month 6,0,Revolving Credit
21125,Non-Defaulter,Male,University,Married,36,230000,Month 3,0,Revolving Credit
26068,Non-Defaulter,Female,Unknown,Married,32,500000,Month 5,-1,Payment Delayed
5255,Defaulter,Male,University,Single,29,70000,Month 3,3,Delay 3 Months
29146,Defaulter,Female,High School,Married,70,230000,Month 2,0,Revolving Credit
29310,Defaulter,Male,University,Single,26,140000,Month 6,0,Revolving Credit
5929,Non-Defaulter,Female,University,Single,25,200000,Month 5,0,Revolving Credit
17290,Defaulter,Female,High School,Married,40,170000,Month 4,0,Revolving Credit
23244,Non-Defaulter,Female,High School,Married,39,140000,Month 5,0,Revolving Credit
26439,Non-Defaulter,Female,High School,Single,49,50000,Month 5,0,Revolving Credit
18429,Non-Defaulter,Female,Graduate school,Married,24,80000,Month 5,0,Revolving Credit
15008,Non-Defaulter,Male,Graduate school,Single,36,240000,Month 5,0,Revolving Credit
11886,Non-Defaulter,Female,University,Single,37,220000,Month 1,-1,Payment Delayed
18195,Non-Defaulter,Male,High School,Single,38,450000,Month 6,0,Revolving Credit
17039,Non-Defaulter,Female,Graduate school,Single,24,30000,Month 2,0,Revolving Credit
1930,Non-Defaulter,Male,University,Married,49,470000,Month 3,0,Revolving Credit
25020,Non-Defaulter,Male,High School,Married,65,220000,Month 4,-1,Payment Delayed
13329,Defaulter,Female,Graduate school,Single,31,390000,Month 3,0,Revolving Credit
11555,Defaulter,Male,Graduate school,Married,42,150000,Month 4,5,Delay 5 Months
16387,Defaulter,Female,Graduate school,Single,29,160000,Month 6,-1,Payment Delayed
5781,Non-Defaulter,Female,High School,Single,31,120000,Month 6,-1,Payment Delayed
14020,Non-Defaulter,Male,University,Married,42,500000,Month 1,0,Revolving Credit
904,Non-Defaulter,Male,High School,Married,50,100000,Month 1,0,Revolving Credit
12852,Non-Defaulter,Male,University,Single,40,200000,Month 2,0,Revolving Credit
28312,Non-Defaulter,Female,High School,Married,38,100000,Month 2,0,Revolving Credit
9399,Non-Defaulter,Female,University,Single,48,390000,Month 2,0,Revolving Credit
24694,Non-Defaulter,Male,University,Single,44,420000,Month 3,0,Revolving Credit
6301,Non-Defaulter,Female,University,Single,24,30000,Month 1,1,Delay 1 Month
13314,Defaulter,Female,High School,Single,26,30000,Month 4,2,Delay 2 Months
13757,Non-Defaulter,Male,Graduate school,Single,27,50000,Month 4,0,Revolving Credit
26426,Non-Defaulter,Female,University,Single,31,180000,Month 3,0,Revolving Credit
27936,Non-Defaulter,Female,University,Single,28,50000,Month 5,2,Delay 2 Months
7116,Non-Defaulter,Female,University,Single,48,60000,Month 6,0,Revolving Credit
26502,Defaulter,Female,High School,Married,61,180000,Month 1,0,Revolving Credit
22767,Non-Defaulter,Female,University,Married,39,360000,Month 3,-1,Payment Delayed
1249,Non-Defaulter,Female,High School,Single,42,180000,Month 3,0,Revolving Credit
9980,Defaulter,Male,Graduate school,Married,38,30000,Month 2,7,Delay 7 Months
17634,Non-Defaulter,Female,Graduate school,Married,30,140000,Month 2,-2,Account Closed
20265,Non-Defaulter,Female,High School,Married,72,150000,Month 2,-2,Account Closed
26002,Defaulter,Female,University,Married,31,110000,Month 3,2,Delay 2 Months
20548,Non-Defaulter,Male,Graduate school,Single,27,50000,Month 1,-1,Payment Delayed
23447,Defaulter,Female,University,Married,39,80000,Month 5,0,Revolving Credit
10271,Non-Defaulter,Male,University,Single,46,50000,Month 3,0,Revolving Credit
23306,Non-Defaulter,Female,University,Married,42,100000,Month 2,-2,Account Closed
29579,Non-Defaulter,Male,University,Married,39,60000,Month 6,-1,Payment Delayed
2039,Non-Defaulter,Female,University,Single,22,10000,Month 4,-1,Payment Delayed
24949,Non-Defaulter,Male,Graduate school,Married,42,200000,Month 6,0,Revolving Credit
15135,Non-Defaulter,Male,University,Single,51,50000,Month 3,0,Revolving Credit
1152,Non-Defaulter,Male,Graduate school,Single,30,280000,Month 4,0,Revolving Credit
13648,Defaulter,Female,Graduate school,Single,30,120000,Month 2,2,Delay 2 Months
11670,Non-Defaulter,Male,Graduate school,Single,32,210000,Month 4,0,Revolving Credit
6578,Non-Defaulter,Female,Graduate school,Married,41,160000,Month 1,0,Revolving Credit
16400,Non-Defaulter,Female,High School,Single,39,100000,Month 3,-1,Payment Delayed
9781,Non-Defaulter,Male,Graduate school,Married,42,210000,Month 3,-1,Payment Delayed
3935,Non-Defaulter,Male,University,Single,27,50000,Month 1,0,Revolving Credit
24752,Non-Defaulter,Male,Graduate school,Married,38,330000,Month 6,-1,Payment Delayed
28436,Non-Defaulter,Female,University,Married,34,260000,Month 1,-2,Account Closed
11737,Defaulter,Female,Graduate school,Single,28,260000,Month 4,0,Revolving Credit
4407,Non-Defaulter,Male,University,Single,39,20000,Month 2,0,Revolving Credit
20721,Non-Defaulter,Male,Graduate school,Married,34,210000,Month 5,0,Revolving Credit
21087,Non-Defaulter,Male,University,Single,42,60000,Month 6,0,Revolving Credit
22256,Non-Defaulter,Female,Graduate school,Single,29,170000,Month 5,-2,Account Closed
22651,Non-Defaulter,Female,Graduate school,Single,37,250000,Month 4,0,Revolving Credit
28126,Non-Defaulter,Female,University,Married,43,20000,Month 1,1,Delay 1 Month
5548,Non-Defaulter,Female,University,Married,35,380000,Month 6,-1,Payment Delayed
16211,Non-Defaulter,Female,University,Married,46,20000,Month 6,0,Revolving Credit
4842,Non-Defaulter,Female,Graduate school,Single,27,170000,Month 3,-2,Account Closed
9058,Non-Defaulter,Female,University,Single,57,80000,Month 6,-2,Account Closed
2292,Non-Defaulter,Male,High School,Married,35,90000,Month 1,1,Delay 1 Month
2716,Non-Defaulter,Female,University,Married,31,50000,Month 3,0,Revolving Credit
17681,Non-Defaulter,Female,Graduate school,Married,35,70000,Month 5,0,Revolving Credit
19635,Non-Defaulter,Female,University,Single,41,300000,Month 2,-1,Payment Delayed
21427,Non-Defaulter,Female,University,Single,24,130000,Month 2,0,Revolving Credit
16621,Non-Defaulter,Male,University,Single,39,50000,Month 1,3,Delay 3 Months
11875,Non-Defaulter,Male,High School,Single,31,60000,Month 1,2,Delay 2 Months
28565,Non-Defaulter,Female,Graduate school,Married,36,100000,Month 6,-2,Account Closed
13558,Defaulter,Female,Graduate school,Single,28,130000,Month 6,0,Revolving Credit
10459,Non-Defaulter,Female,High School,Married,53,60000,Month 6,0,Revolving Credit
14059,Non-Defaulter,Male,University,Married,46,50000,Month 3,0,Revolving Credit
9712,Non-Defaulter,Female,University,Married,54,50000,Month 6,0,Revolving Credit
22848,Non-Defaulter,Female,Graduate school,Single,36,310000,Month 4,0,Revolving Credit
25186,Non-Defaulter,Female,University,Single,22,30000,Month 3,2,Delay 2 Months
19046,Non-Defaulter,Female,University,Married,30,90000,Month 3,0,Revolving Credit
10335,Non-Defaulter,Female,University,Single,23,70000,Month 6,0,Revolving Credit
14573,Defaulter,Male,Graduate school,Married,34,130000,Month 5,0,Revolving Credit
9686,Non-Defaulter,Male,High School,Single,39,20000,Month 4,-1,Payment Delayed
29363,Non-Defaulter,Male,Graduate school,Single,28,80000,Month 2,0,Revolving Credit
28810,Non-Defaulter,Female,Graduate school,Married,36,280000,Month 2,2,Delay 2 Months
8630,Non-Defaulter,Male,Graduate school,Single,31,80000,Month 5,0,Revolving Credit
16178,Defaulter,Female,University,Single,29,50000,Month 1,2,Delay 2 Months
4454,Non-Defaulter,Male,High School,Married,45,50000,Month 3,-2,Account Closed
13828,Non-Defaulter,Female,Graduate school,Married,29,420000,Month 3,-1,Payment Delayed
14314,Defaulter,Female,University,Single,23,60000,Month 3,0,Revolving Credit
21829,Non-Defaulter,Female,Graduate school,Single,27,270000,Month 2,-1,Payment Delayed
19253,Non-Defaulter,Female,Graduate school,Single,30,280000,Month 1,0,Revolving Credit
29149,Non-Defaulter,Female,University,Married,56,360000,Month 4,-2,Account Closed
15163,Non-Defaulter,Female,University,Single,26,300000,Month 1,0,Revolving Credit
20890,Defaulter,Male,Graduate school,Single,33,220000,Month 5,-2,Account Closed
6702,Non-Defaulter,Female,University,Married,45,30000,Month 2,0,Revolving Credit
6344,Defaulter,Male,High School,Married,53,150000,Month 2,2,Delay 2 Months
15024,Non-Defaulter,Male,University,Married,39,110000,Month 1,0,Revolving Credit
10937,Defaulter,Female,University,Married,29,180000,Month 6,2,Delay 2 Months
13347,Defaulter,Female,Graduate school,Married,23,210000,Month 5,0,Revolving Credit
7769,Defaulter,Female,University,Married,27,70000,Month 6,2,Delay 2 Months
22021,Non-Defaulter,Female,University,Single,25,30000,Month 3,2,Delay 2 Months
24650,Non-Defaulter,Male,University,Married,39,170000,Month 3,-2,Account Closed
28677,Non-Defaulter,Female,Graduate school,Single,29,310000,Month 6,0,Revolving Credit
13232,Defaulter,Male,University,Single,23,20000,Month 5,6,Delay 6 Months
24347,Non-Defaulter,Male,Graduate school,Single,32,150000,Month 1,0,Revolving Credit
4237,Non-Defaulter,Male,High School,Married,55,230000,Month 1,0,Revolving Credit
4708,Defaulter,Female,University,Single,36,50000,Month 5,0,Revolving Credit
26055,Non-Defaulter,Female,University,Single,29,140000,Month 2,0,Revolving Credit
26816,Non-Defaulter,Male,University,Married,32,30000,Month 5,0,Revolving Credit
11451,Non-Defaulter,Male,University,Single,29,80000,Month 1,1,Delay 1 Month
7115,Non-Defaulter,Male,Graduate school,Married,35,220000,Month 5,0,Revolving Credit
17348,Non-Defaulter,Female,University,Married,39,180000,Month 3,0,Revolving Credit
14164,Non-Defaulter,Male,High School,Single,23,20000,Month 6,0,Revolving Credit
17761,Non-Defaulter,Female,High School,Married,62,80000,Month 6,0,Revolving Credit
6724,Defaulter,Male,Graduate school,Married,46,200000,Month 5,2,Delay 2 Months
4145,Defaulter,Female,Graduate school,Single,42,200000,Month 1,-1,Payment Delayed
29754,Non-Defaulter,Male,Graduate school,Single,37,200000,Month 6,-2,Account Closed
6112,Defaulter,Female,University,Married,36,120000,Month 2,2,Delay 2 Months
9873,Non-Defaulter,Female,University,Single,23,50000,Month 2,0,Revolving Credit
12504,Defaulter,Female,Graduate school,Married,46,200000,Month 4,-2,Account Closed
19947,Non-Defaulter,Female,University,Married,39,90000,Month 1,0,Revolving Credit
9179,Non-Defaulter,Male,University,Single,24,20000,Month 2,0,Revolving Credit
15260,Non-Defaulter,Female,University,Single,35,50000,Month 6,0,Revolving Credit
10616,Non-Defaulter,Male,Graduate school,Married,35,400000,Month 6,0,Revolving Credit
17760,Non-Defaulter,Female,High School,Single,52,180000,Month 3,0,Revolving Credit
24141,Non-Defaulter,Male,University,Single,29,50000,Month 3,2,Delay 2 Months
8496,Non-Defaulter,Male,High School,Married,58,150000,Month 4,-2,Account Closed
15525,Non-Defaulter,Male,University,Single,36,80000,Month 6,0,Revolving Credit
14111,Non-Defaulter,Male,Graduate school,Single,28,120000,Month 2,0,Revolving Credit
23177,Non-Defaulter,Female,University,Married,35,290000,Month 1,0,Revolving Credit
4719,Defaulter,Male,University,Single,30,80000,Month 3,0,Revolving Credit
5580,Defaulter,Female,High School,Married,58,30000,Month 3,2,Delay 2 Months
5722,Defaulter,Female,High School,Single,27,30000,Month 3,2,Delay 2 Months
8913,Non-Defaulter,Female,High School,Single,34,230000,Month 1,0,Revolving Credit
7273,Defaulter,Female,Graduate school,Single,31,50000,Month 3,0,Revolving Credit
26428,Non-Defaulter,Female,Graduate school,Single,32,220000,Month 1,0,Revolving Credit
7226,Non-Defaulter,Male,Graduate school,Single,33,150000,Month 1,0,Revolving Credit
10081,Non-Defaulter,Female,University,Married,53,60000,Month 4,0,Revolving Credit
13418,Defaulter,Male,University,Married,32,50000,Month 3,2,Delay 2 Months
28715,Non-Defaulter,Female,Graduate school,Single,44,170000,Month 5,-1,Payment Delayed
28176,Defaulter,Female,University,Married,32,20000,Month 6,0,Revolving Credit
11332,Non-Defaulter,Male,University,Single,24,20000,Month 3,-2,Account Closed
27712,Non-Defaulter,Female,University,Single,24,230000,Month 5,0,Revolving Credit
16692,Non-Defaulter,Male,University,Single,33,50000,Month 3,0,Revolving Credit
28416,Non-Defaulter,Female,University,Single,29,100000,Month 1,0,Revolving Credit
11908,Defaulter,Female,High School,Married,43,130000,Month 6,2,Delay 2 Months
23160,Non-Defaulter,Female,High School,Married,47,230000,Month 3,0,Revolving Credit
10213,Non-Defaulter,Male,High School,Married,41,50000,Month 5,0,Revolving Credit
8919,Non-Defaulter,Male,High School,Single,30,200000,Month 6,0,Revolving Credit
3771,Non-Defaulter,Male,University,Single,53,80000,Month 3,0,Revolving Credit
26737,Defaulter,Male,University,Single,27,80000,Month 4,2,Delay 2 Months
791,Non-Defaulter,Female,University,Single,51,30000,Month 6,0,Revolving Credit
19509,Non-Defaulter,Female,University,Single,32,110000,Month 1,0,Revolving Credit
28273,Non-Defaulter,Female,High School,Single,31,20000,Month 4,0,Revolving Credit
9900,Non-Defaulter,Female,University,Single,34,360000,Month 3,0,Revolving Credit
5404,Non-Defaulter,Male,High School,Married,31,170000,Month 1,0,Revolving Credit
7122,Non-Defaulter,Female,University,Married,47,260000,Month 3,0,Revolving Credit
3369,Non-Defaulter,Female,University,Single,41,90000,Month 3,0,Revolving Credit
23401,Non-Defaulter,Female,Graduate school,Married,40,210000,Month 1,-2,Account Closed
15095,Defaulter,Male,Graduate school,Single,35,100000,Month 5,-1,Payment Delayed
29189,Non-Defaulter,Male,University,Single,26,400000,Month 3,-1,Payment Delayed
15618,Non-Defaulter,Female,University,Single,26,200000,Month 1,-2,Account Closed
9687,Non-Defaulter,Female,University,Single,24,60000,Month 5,0,Revolving Credit
28986,Non-Defaulter,Female,University,Single,35,180000,Month 3,-2,Account Closed
29922,Defaulter,Male,Graduate school,Single,34,410000,Month 2,0,Revolving Credit
13551,Non-Defaulter,Female,Graduate school,Single,22,20000,Month 1,-2,Account Closed
23768,Non-Defaulter,Female,Graduate school,Single,53,180000,Month 5,-2,Account Closed
28803,Non-Defaulter,Female,Graduate school,Single,34,140000,Month 1,-1,Payment Delayed
24015,Non-Defaulter,Male,University,Single,24,50000,Month 3,0,Revolving Credit
28435,Non-Defaulter,Female,University,Married,45,50000,Month 6,0,Revolving Credit
10020,Defaulter,Male,Graduate school,Single,26,50000,Month 2,0,Revolving Credit
27437,Non-Defaulter,Male,University,Single,44,50000,Month 1,0,Revolving Credit
20331,Non-Defaulter,Female,University,Married,54,230000,Month 4,2,Delay 2 Months
25734,Non-Defaulter,Female,Graduate school,Single,29,270000,Month 3,-2,Account Closed
19472,Defaulter,Female,University,Married,32,180000,Month 2,2,Delay 2 Months
25178,Non-Defaulter,Female,High School,Married,22,50000,Month 5,0,Revolving Credit
100,Defaulter,Male,University,Married,38,20000,Month 6,-1,Payment Delayed
26641,Defaulter,Male,Graduate school,Single,23,20000,Month 1,2,Delay 2 Months
11930,Non-Defaulter,Male,University,Married,32,20000,Month 2,0,Revolving Credit
20461,Non-Defaulter,Male,Graduate school,Single,25,50000,Month 5,0,Revolving Credit
6851,Non-Defaulter,Male,Graduate school,Single,33,280000,Month 5,0,Revolving Credit
20862,Non-Defaulter,Male,University,Married,37,50000,Month 6,-2,Account Closed
25583,Non-Defaulter,Female,University,Married,34,140000,Month 5,0,Revolving Credit
14165,Non-Defaulter,Female,Graduate school,Single,31,210000,Month 4,0,Revolving Credit
3824,Non-Defaulter,Male,University,Married,39,200000,Month 1,-2,Account Closed
11722,Non-Defaulter,Female,Graduate school,Married,48,500000,Month 4,0,Revolving Credit
8961,Non-Defaulter,Female,High School,Other,45,50000,Month 5,0,Revolving Credit
16982,Non-Defaulter,Female,Graduate school,Single,25,210000,Month 4,-1,Payment Delayed
16686,Non-Defaulter,Male,University,Single,36,50000,Month 3,2,Delay 2 Months
27136,Non-Defaulter,Male,University,Married,47,500000,Month 6,-1,Payment Delayed
22267,Defaulter,Female,Graduate school,Single,29,400000,Month 6,0,Revolving Credit
13211,Non-Defaulter,Female,University,Single,23,50000,Month 1,0,Revolving Credit
12938,Non-Defaulter,Female,University,Single,30,160000,Month 5,-1,Payment Delayed
13025,Defaulter,Female,University,Married,48,240000,Month 4,-2,Account Closed
17243,Non-Defaulter,Female,University,Single,36,120000,Month 3,0,Revolving Credit
14809,Defaulter,Male,Graduate school,Married,35,170000,Month 4,-1,Payment Delayed
23207,Non-Defaulter,Female,Graduate school,Single,46,280000,Month 2,-1,Payment Delayed
24949,Non-Defaulter,Male,Graduate school,Married,42,200000,Month 2,0,Revolving Credit
26606,Defaulter,Male,University,Single,23,20000,Month 1,3,Delay 3 Months
26035,Defaulter,Female,Graduate school,Married,30,230000,Month 3,0,Revolving Credit
6650,Non-Defaulter,Female,Graduate school,Single,30,320000,Month 1,0,Revolving Credit
14094,Non-Defaulter,Female,Graduate school,Married,45,500000,Month 1,0,Revolving Credit
26387,Non-Defaulter,Female,Graduate school,Single,35,450000,Month 2,2,Delay 2 Months
10683,Non-Defaulter,Female,Graduate school,Single,33,480000,Month 2,0,Revolving Credit
14394,Defaulter,Male,High School,Single,42,30000,Month 1,1,Delay 1 Month
14053,Non-Defaulter,Female,University,Single,49,70000,Month 1,-1,Payment Delayed
27249,Non-Defaulter,Male,Graduate school,Single,39,440000,Month 1,0,Revolving Credit
2792,Non-Defaulter,Male,Graduate school,Single,33,20000,Month 6,0,Revolving Credit
17542,Defaulter,Female,University,Single,37,20000,Month 2,2,Delay 2 Months
28218,Non-Defaulter,Female,High School,Married,38,160000,Month 2,0,Revolving Credit
28092,Defaulter,Female,High School,Single,41,40000,Month 1,0,Revolving Credit
15306,Non-Defaulter,Female,University,Married,33,100000,Month 4,0,Revolving Credit
27945,Non-Defaulter,Female,Graduate school,Single,28,180000,Month 1,0,Revolving Credit
20062,Non-Defaulter,Female,Others,Married,40,390000,Month 5,0,Revolving Credit
20755,Defaulter,Male,High School,Married,40,20000,Month 1,0,Revolving Credit
13117,Non-Defaulter,Male,Graduate school,Single,31,500000,Month 6,-1,Payment Delayed
16901,Non-Defaulter,Male,High School,Single,38,50000,Month 4,0,Revolving Credit
20095,Defaulter,Female,University,Married,33,80000,Month 2,3,Delay 3 Months
26172,Non-Defaulter,Female,University,Married,45,80000,Month 2,0,Revolving Credit
8088,Non-Defaulter,Male,University,Married,37,210000,Month 6,0,Revolving Credit
20346,Non-Defaulter,Female,High School,Single,65,80000,Month 2,0,Revolving Credit
8996,Non-Defaulter,Male,University,Married,49,160000,Month 1,-1,Payment Delayed
2554,Non-Defaulter,Female,Graduate school,Single,26,210000,Month 4,0,Revolving Credit
10354,Defaulter,Male,University,Single,43,20000,Month 6,2,Delay 2 Months
10097,Non-Defaulter,Male,Graduate school,Single,24,30000,Month 1,0,Revolving Credit
22074,Non-Defaulter,Female,University,Single,29,400000,Month 4,-1,Payment Delayed
15538,Non-Defaulter,Male,University,Single,38,130000,Month 4,-2,Account Closed
15768,Non-Defaulter,Female,University,Single,23,10000,Month 2,0,Revolving Credit
5313,Non-Defaulter,Female,University,Single,24,50000,Month 5,0,Revolving Credit
1183,Defaulter,Female,University,Married,55,90000,Month 1,2,Delay 2 Months
11140,Non-Defaulter,Female,Graduate school,Married,37,60000,Month 5,0,Revolving Credit
29788,Non-Defaulter,Male,High School,Single,35,50000,Month 2,2,Delay 2 Months
4322,Non-Defaulter,Female,University,Married,30,70000,Month 6,0,Revolving Credit
22273,Non-Defaulter,Female,University,Married,28,180000,Month 1,0,Revolving Credit
636,Non-Defaulter,Female,High School,Married,44,20000,Month 1,-1,Payment Delayed
17626,Non-Defaulter,Female,Graduate school,Single,33,140000,Month 3,0,Revolving Credit
24243,Non-Defaulter,Male,High School,Single,30,200000,Month 1,-2,Account Closed
25097,Defaulter,Male,High School,Single,53,20000,Month 3,-1,Payment Delayed
23748,Defaulter,Female,University,Married,55,90000,Month 2,2,Delay 2 Months
13714,Defaulter,Female,University,Single,32,80000,Month 6,0,Revolving Credit
21619,Non-Defaulter,Female,University,Single,26,50000,Month 1,-1,Payment Delayed
17772,Non-Defaulter,Female,High School,Single,60,70000,Month 1,0,Revolving Credit
17167,Non-Defaulter,Female,Graduate school,Single,26,20000,Month 4,0,Revolving Credit
26279,Defaulter,Female,High School,Married,45,50000,Month 3,0,Revolving Credit
10980,Defaulter,Male,University,Married,44,50000,Month 4,2,Delay 2 Months
12276,Non-Defaulter,Female,University,Single,38,50000,Month 1,0,Revolving Credit
3457,Non-Defaulter,Male,Graduate school,Single,29,50000,Month 1,1,Delay 1 Month
25820,Non-Defaulter,Female,Graduate school,Single,30,280000,Month 5,-2,Account Closed
19194,Non-Defaulter,Female,Graduate school,Single,32,200000,Month 3,0,Revolving Credit
18188,Non-Defaulter,Male,University,Married,37,130000,Month 4,-1,Payment Delayed
10866,Non-Defaulter,Female,Graduate school,Single,25,20000,Month 4,-1,Payment Delayed
9198,Defaulter,Male,University,Single,27,20000,Month 2,2,Delay 2 Months
23308,Defaulter,Female,Graduate school,Single,30,160000,Month 3,0,Revolving Credit
1012,Non-Defaulter,Female,Graduate school,Married,31,410000,Month 6,-2,Account Closed
23708,Non-Defaulter,Female,University,Married,64,280000,Month 6,0,Revolving Credit
9210,Non-Defaulter,Female,High School,Married,40,230000,Month 1,-1,Payment Delayed
20499,Non-Defaulter,Male,University,Single,25,330000,Month 6,0,Revolving Credit
1804,Non-Defaulter,Female,Graduate school,Single,31,20000,Month 4,-2,Account Closed
16908,Defaulter,Male,Graduate school,Married,35,100000,Month 1,1,Delay 1 Month
3230,Non-Defaulter,Female,Unknown,Single,27,130000,Month 2,0,Revolving Credit
3355,Non-Defaulter,Male,High School,Married,41,200000,Month 1,0,Revolving Credit
13183,Non-Defaulter,Male,Graduate school,Single,30,200000,Month 2,-1,Payment Delayed
25991,Non-Defaulter,Female,University,Single,37,280000,Month 1,0,Revolving Credit
28143,Non-Defaulter,Female,Unknown,Single,44,430000,Month 6,0,Revolving Credit
19600,Non-Defaulter,Female,Graduate school,Single,36,290000,Month 1,0,Revolving Credit
14099,Defaulter,Male,University,Married,45,20000,Month 1,2,Delay 2 Months
5679,Non-Defaulter,Female,University,Married,40,150000,Month 3,0,Revolving Credit
22769,Defaulter,Female,High School,Married,44,60000,Month 1,-1,Payment Delayed
5812,Non-Defaulter,Female,Graduate school,Married,34,210000,Month 1,0,Revolving Credit
19651,Non-Defaulter,Female,University,Married,32,200000,Month 1,0,Revolving Credit
11680,Non-Defaulter,Female,High School,Single,48,100000,Month 2,-1,Payment Delayed
16996,Non-Defaulter,Female,High School,Single,23,30000,Month 1,4,Delay 4 Months
2990,Non-Defaulter,Female,High School,Married,36,50000,Month 2,-1,Payment Delayed
25536,Non-Defaulter,Female,Graduate school,Single,35,360000,Month 2,-1,Payment Delayed
5564,Non-Defaulter,Female,Graduate school,Single,25,210000,Month 3,-1,Payment Delayed
24383,Defaulter,Male,University,Single,32,50000,Month 4,2,Delay 2 Months
16424,Defaulter,Female,High School,Married,54,30000,Month 3,0,Revolving Credit
16655,Defaulter,Male,University,Single,30,10000,Month 2,-1,Payment Delayed
235,Non-Defaulter,Female,University,Married,33,60000,Month 3,0,Revolving Credit
24816,Non-Defaulter,Male,University,Single,32,350000,Month 1,0,Revolving Credit
16793,Non-Defaulter,Male,University,Single,34,30000,Month 4,4,Delay 4 Months
6066,Non-Defaulter,Female,High School,Married,56,20000,Month 2,0,Revolving Credit
22647,Defaulter,Female,High School,Married,42,30000,Month 6,0,Revolving Credit
28030,Non-Defaulter,Female,University,Married,34,50000,Month 3,0,Revolving Credit
21162,Non-Defaulter,Male,High School,Single,34,90000,Month 3,0,Revolving Credit
7942,Non-Defaulter,Female,University,Married,36,20000,Month 4,0,Revolving Credit
20766,Non-Defaulter,Male,University,Married,42,50000,Month 2,0,Revolving Credit
1861,Non-Defaulter,Female,University,Single,24,20000,Month 5,-1,Payment Delayed
14995,Non-Defaulter,Female,University,Single,26,50000,Month 2,0,Revolving Credit
11438,Non-Defaulter,Female,University,Married,24,50000,Month 1,0,Revolving Credit
24265,Non-Defaulter,Male,University,Single,25,30000,Month 1,-2,Account Closed
14262,Defaulter,Male,High School,Married,57,20000,Month 6,0,Revolving Credit
24726,Non-Defaulter,Male,University,Single,31,150000,Month 6,-2,Account Closed
20413,Non-Defaulter,Male,Graduate school,Single,26,160000,Month 2,-1,Payment Delayed
4607,Defaulter,Female,University,Married,31,50000,Month 2,0,Revolving Credit
1062,Non-Defaulter,Male,University,Married,49,50000,Month 5,0,Revolving Credit
5763,Non-Defaulter,Male,University,Married,27,20000,Month 1,0,Revolving Credit
24873,Non-Defaulter,Male,University,Single,36,160000,Month 2,-1,Payment Delayed
9374,Non-Defaulter,Female,High School,Married,45,30000,Month 1,1,Delay 1 Month
3473,Non-Defaulter,Female,University,Single,30,200000,Month 4,0,Revolving Credit
20436,Non-Defaulter,Male,University,Single,27,20000,Month 4,-1,Payment Delayed
1001,Non-Defaulter,Male,University,Married,29,100000,Month 3,0,Revolving Credit
28537,Non-Defaulter,Female,Graduate school,Married,32,80000,Month 4,-1,Payment Delayed
24412,Non-Defaulter,Male,University,Single,32,190000,Month 3,0,Revolving Credit
11156,Non-Defaulter,Female,Graduate school,Single,37,210000,Month 5,-1,Payment Delayed
4154,Non-Defaulter,Female,Graduate school,Single,30,280000,Month 2,-1,Payment Delayed
27252,Non-Defaulter,Male,High School,Single,34,230000,Month 2,0,Revolving Credit
17514,Non-Defaulter,Female,University,Single,46,60000,Month 2,0,Revolving Credit
26545,Non-Defaulter,Female,High School,Married,64,180000,Month 3,0,Revolving Credit
16947,Non-Defaulter,Male,High School,Married,57,50000,Month 3,0,Revolving Credit
23048,Non-Defaulter,Female,Graduate school,Single,33,180000,Month 6,-1,Payment Delayed
29715,Non-Defaulter,Male,University,Single,36,20000,Month 6,0,Revolving Credit
6972,Non-Defaulter,Male,University,Single,37,20000,Month 4,-1,Payment Delayed
3441,Non-Defaulter,Female,University,Single,27,350000,Month 2,0,Revolving Credit
7590,Non-Defaulter,Female,Graduate school,Single,27,50000,Month 2,0,Revolving Credit
20191,Non-Defaulter,Female,Graduate school,Single,31,350000,Month 2,0,Revolving Credit
8540,Non-Defaulter,Female,Graduate school,Single,37,100000,Month 4,-1,Payment Delayed
17575,Non-Defaulter,Female,High School,Married,45,80000,Month 4,0,Revolving Credit
110,Non-Defaulter,Male,University,Married,35,360000,Month 6,-2,Account Closed
11895,Non-Defaulter,Male,University,Married,32,60000,Month 2,0,Revolving Credit
14735,Non-Defaulter,Male,Graduate school,Married,40,200000,Month 6,-1,Payment Delayed
26281,Non-Defaulter,Female,Graduate school,Single,43,70000,Month 4,2,Delay 2 Months
6375,Non-Defaulter,Male,Graduate school,Single,45,500000,Month 2,-2,Account Closed
27451,Non-Defaulter,Male,Graduate school,Single,33,200000,Month 3,-1,Payment Delayed
29879,Defaulter,Male,High School,Married,36,340000,Month 1,0,Revolving Credit
22864,Non-Defaulter,Female,Graduate school,Single,32,350000,Month 5,0,Revolving Credit
26197,Non-Defaulter,Female,University,Married,33,310000,Month 3,0,Revolving Credit
9412,Non-Defaulter,Male,University,Married,55,110000,Month 1,0,Revolving Credit
4235,Non-Defaulter,Female,Graduate school,Single,33,260000,Month 1,-2,Account Closed
14058,Non-Defaulter,Female,Graduate school,Married,28,360000,Month 3,0,Revolving Credit
18767,Non-Defaulter,Female,University,Single,28,230000,Month 4,2,Delay 2 Months
12734,Non-Defaulter,Male,University,Single,24,80000,Month 4,0,Revolving Credit
16903,Non-Defaulter,Male,High School,Single,46,20000,Month 6,0,Revolving Credit
3414,Defaulter,Male,Graduate school,Single,33,150000,Month 6,0,Revolving Credit
10303,Non-Defaulter,Male,Graduate school,Single,27,100000,Month 6,-1,Payment Delayed
11498,Defaulter,Male,Graduate school,Married,42,250000,Month 6,2,Delay 2 Months
7794,Non-Defaulter,Female,University,Single,26,80000,Month 3,0,Revolving Credit
22581,Non-Defaulter,Female,Others,Single,31,150000,Month 3,-2,Account Closed
8818,Defaulter,Female,Graduate school,Single,24,60000,Month 5,-2,Account Closed
4381,Non-Defaulter,Female,Graduate school,Married,35,430000,Month 5,-1,Payment Delayed
3747,Non-Defaulter,Male,High School,Married,39,250000,Month 5,-1,Payment Delayed
1435,Non-Defaulter,Male,University,Single,44,30000,Month 5,-1,Payment Delayed
982,Non-Defaulter,Male,University,Single,29,30000,Month 6,3,Delay 3 Months
25311,Non-Defaulter,Female,Graduate school,Single,25,230000,Month 2,0,Revolving Credit
28394,Non-Defaulter,Female,University,Married,37,160000,Month 2,0,Revolving Credit
15357,Non-Defaulter,Female,University,Married,33,440000,Month 3,0,Revolving Credit
19889,Non-Defaulter,Female,High School,Married,48,20000,Month 2,0,Revolving Credit
12185,Non-Defaulter,Female,University,Married,32,70000,Month 1,0,Revolving Credit
24059,Non-Defaulter,Male,Others,Single,24,90000,Month 2,0,Revolving Credit
17073,Non-Defaulter,Female,Graduate school,Single,25,50000,Month 2,0,Revolving Credit
3219,Non-Defaulter,Male,Graduate school,Married,39,360000,Month 1,-2,Account Closed
27651,Non-Defaulter,Female,High School,Married,54,20000,Month 2,0,Revolving Credit
25826,Non-Defaulter,Female,University,Single,35,80000,Month 4,-1,Payment Delayed
8192,Non-Defaulter,Female,University,Single,25,180000,Month 2,-1,Payment Delayed
29060,Non-Defaulter,Female,High School,Married,52,30000,Month 5,0,Revolving Credit
12785,Defaulter,Female,Graduate school,Single,37,20000,Month 1,0,Revolving Credit
24083,Non-Defaulter,Male,University,Single,28,30000,Month 2,2,Delay 2 Months
9021,Non-Defaulter,Female,University,Married,42,170000,Month 3,0,Revolving Credit
20958,Non-Defaulter,Male,Graduate school,Single,33,50000,Month 6,0,Revolving Credit
23807,Non-Defaulter,Female,Graduate school,Married,54,530000,Month 5,-2,Account Closed
17198,Non-Defaulter,Female,Graduate school,Married,28,30000,Month 6,0,Revolving Credit
9957,Non-Defaulter,Male,Graduate school,Married,46,320000,Month 2,-2,Account Closed
12783,Non-Defaulter,Female,University,Married,29,130000,Month 2,0,Revolving Credit
29420,Non-Defaulter,Male,University,Single,30,230000,Month 1,0,Revolving Credit
7945,Defaulter,Female,University,Single,29,50000,Month 1,2,Delay 2 Months
3879,Defaulter,Male,University,Married,26,20000,Month 6,3,Delay 3 Months
13628,Non-Defaulter,Female,Graduate school,Single,25,30000,Month 3,2,Delay 2 Months
27443,Non-Defaulter,Male,Graduate school,Married,45,300000,Month 2,-2,Account Closed
3365,Defaulter,Male,University,Married,28,140000,Month 2,-1,Payment Delayed
13646,Non-Defaulter,Male,University,Single,32,230000,Month 6,0,Revolving Credit
9235,Non-Defaulter,Female,University,Single,33,40000,Month 4,0,Revolving Credit
4117,Defaulter,Female,High School,Single,26,70000,Month 2,0,Revolving Credit
19790,Non-Defaulter,Female,University,Married,41,90000,Month 2,0,Revolving Credit
15669,Non-Defaulter,Male,Graduate school,Single,27,410000,Month 4,0,Revolving Credit
995,Defaulter,Female,Graduate school,Single,29,290000,Month 6,-2,Account Closed
18668,Non-Defaulter,Female,University,Married,25,310000,Month 5,0,Revolving Credit
28750,Non-Defaulter,Female,Graduate school,Single,30,360000,Month 6,-2,Account Closed
18717,Non-Defaulter,Female,University,Single,26,150000,Month 4,-2,Account Closed
5881,Non-Defaulter,Male,Graduate school,Single,35,190000,Month 5,0,Revolving Credit
26341,Non-Defaulter,Female,Graduate school,Single,26,150000,Month 5,0,Revolving Credit
25050,Non-Defaulter,Male,High School,Single,54,50000,Month 1,0,Revolving Credit
23162,Non-Defaulter,Female,High School,Single,32,50000,Month 6,0,Revolving Credit
8193,Non-Defaulter,Male,University,Single,43,80000,Month 1,0,Revolving Credit
3372,Non-Defaulter,Female,University,Married,36,140000,Month 3,0,Revolving Credit
28756,Non-Defaulter,Female,Graduate school,Single,35,500000,Month 3,0,Revolving Credit
27014,Defaulter,Male,University,Married,43,50000,Month 3,-1,Payment Delayed
23867,Non-Defaulter,Male,University,Married,28,180000,Month 5,2,Delay 2 Months
2854,Non-Defaulter,Female,University,Married,24,390000,Month 5,0,Revolving Credit
18472,Non-Defaulter,Female,Graduate school,Single,25,300000,Month 2,-1,Payment Delayed
2315,Non-Defaulter,Female,University,Single,31,120000,Month 2,0,Revolving Credit
11313,Non-Defaulter,Male,University,Married,33,500000,Month 2,0,Revolving Credit
15767,Non-Defaulter,Female,Graduate school,Single,22,10000,Month 5,0,Revolving Credit
3634,Defaulter,Female,High School,Single,25,420000,Month 6,0,Revolving Credit
26031,Non-Defaulter,Female,Graduate school,Single,28,200000,Month 2,-1,Payment Delayed
19182,Non-Defaulter,Female,Graduate school,Single,35,50000,Month 3,0,Revolving Credit
2900,Non-Defaulter,Female,University,Single,29,130000,Month 6,-1,Payment Delayed
27469,Non-Defaulter,Male,Graduate school,Single,47,390000,Month 4,-1,Payment Delayed
3638,Defaulter,Male,University,Married,34,20000,Month 1,0,Revolving Credit
6036,Defaulter,Male,Graduate school,Married,45,280000,Month 1,-1,Payment Delayed
5939,Non-Defaulter,Female,University,Married,46,80000,Month 1,0,Revolving Credit
19511,Defaulter,Female,University,Married,49,90000,Month 4,-1,Payment Delayed
27844,Non-Defaulter,Female,High School,Single,26,20000,Month 1,1,Delay 1 Month
28521,Non-Defaulter,Female,University,Married,47,50000,Month 3,3,Delay 3 Months
17361,Defaulter,Female,University,Single,36,150000,Month 2,2,Delay 2 Months
18238,Non-Defaulter,Male,Graduate school,Married,51,260000,Month 5,0,Revolving Credit
3494,Non-Defaulter,Female,University,Single,24,120000,Month 2,0,Revolving Credit
28508,Non-Defaulter,Female,University,Married,28,240000,Month 4,0,Revolving Credit
13158,Non-Defaulter,Female,High School,Married,36,480000,Month 1,-1,Payment Delayed
22768,Non-Defaulter,Female,Graduate school,Single,38,620000,Month 2,-1,Payment Delayed
1636,Non-Defaulter,Male,High School,Single,29,80000,Month 5,0,Revolving Credit
17628,Non-Defaulter,Female,University,Married,30,20000,Month 2,0,Revolving Credit
13575,Non-Defaulter,Male,Graduate school,Single,37,60000,Month 5,0,Revolving Credit
1261,Non-Defaulter,Male,Graduate school,Single,37,150000,Month 1,0,Revolving Credit
19793,Non-Defaulter,Female,Graduate school,Married,45,320000,Month 3,-2,Account Closed
27401,Non-Defaulter,Male,High School,Single,47,20000,Month 5,-2,Account Closed
25732,Non-Defaulter,Female,High School,Married,37,80000,Month 1,0,Revolving Credit
22097,Non-Defaulter,Female,University,Single,29,260000,Month 2,0,Revolving Credit
9988,Non-Defaulter,Male,Graduate school,Single,27,10000,Month 5,0,Revolving Credit
12042,Non-Defaulter,Female,Graduate school,Single,44,120000,Month 4,2,Delay 2 Months
24085,Non-Defaulter,Male,Graduate school,Single,27,180000,Month 5,0,Revolving Credit
4741,Non-Defaulter,Male,University,Married,36,50000,Month 2,3,Delay 3 Months
22371,Non-Defaulter,Female,University,Married,29,200000,Month 5,0,Revolving Credit
24951,Non-Defaulter,Male,University,Married,35,50000,Month 4,0,Revolving Credit
9154,Non-Defaulter,Male,University,Single,32,210000,Month 2,0,Revolving Credit
15116,Defaulter,Male,High School,Married,51,50000,Month 5,0,Revolving Credit
12460,Non-Defaulter,Male,University,Single,43,290000,Month 3,0,Revolving Credit
23188,Non-Defaulter,Female,University,Married,45,250000,Month 6,-2,Account Closed
17699,Non-Defaulter,Female,Graduate school,Married,46,130000,Month 5,0,Revolving Credit
28100,Defaulter,Female,University,Single,31,220000,Month 1,2,Delay 2 Months
24366,Non-Defaulter,Male,High School,Married,43,130000,Month 6,-1,Payment Delayed
1808,Non-Defaulter,Female,University,Single,27,150000,Month 4,0,Revolving Credit
19908,Non-Defaulter,Female,University,Married,44,80000,Month 4,-1,Payment Delayed
20304,Non-Defaulter,Female,High School,Married,54,80000,Month 3,0,Revolving Credit
23942,Non-Defaulter,Male,University,Single,26,100000,Month 6,-1,Payment Delayed
9548,Non-Defaulter,Female,Graduate school,Single,30,360000,Month 4,0,Revolving Credit
20205,Non-Defaulter,Female,High School,Single,52,20000,Month 5,0,Revolving Credit
18560,Non-Defaulter,Female,University,Single,24,50000,Month 1,0,Revolving Credit
29771,Defaulter,Male,Graduate school,Single,31,20000,Month 1,3,Delay 3 Months
4757,Non-Defaulter,Female,Graduate school,Single,27,170000,Month 4,0,Revolving Credit
6068,Non-Defaulter,Female,University,Single,28,90000,Month 4,0,Revolving Credit
9559,Non-Defaulter,Female,High School,Single,44,100000,Month 4,0,Revolving Credit
24512,Non-Defaulter,Male,University,Married,46,50000,Month 4,0,Revolving Credit
29524,Defaulter,Male,University,Married,36,50000,Month 4,7,Delay 7 Months
9058,Non-Defaulter,Female,University,Single,57,80000,Month 2,-1,Payment Delayed
23614,Non-Defaulter,Female,High School,Single,35,150000,Month 3,-1,Payment Delayed
646,Non-Defaulter,Male,High School,Single,39,150000,Month 1,1,Delay 1 Month
2339,Non-Defaulter,Female,University,Single,27,150000,Month 6,0,Revolving Credit
8006,Non-Defaulter,Female,University,Married,32,260000,Month 3,0,Revolving Credit
11104,Non-Defaulter,Female,High School,Single,33,240000,Month 1,0,Revolving Credit
28664,Defaulter,Female,University,Single,27,210000,Month 2,-2,Account Closed
4977,Non-Defaulter,Female,Graduate school,Single,31,210000,Month 5,-2,Account Closed
20044,Non-Defaulter,Female,University,Single,32,220000,Month 5,-1,Payment Delayed
11663,Non-Defaulter,Female,University,Married,34,210000,Month 2,0,Revolving Credit
21401,Non-Defaulter,Female,Graduate school,Single,27,220000,Month 2,-1,Payment Delayed
26194,Non-Defaulter,Female,High School,Married,47,90000,Month 3,0,Revolving Credit
2358,Non-Defaulter,Female,University,Married,52,280000,Month 4,0,Revolving Credit
27642,Non-Defaulter,Female,University,Single,23,40000,Month 5,0,Revolving Credit
29319,Non-Defaulter,Male,University,Single,28,100000,Month 4,0,Revolving Credit
13721,Defaulter,Female,University,Single,27,100000,Month 3,0,Revolving Credit
24341,Non-Defaulter,Male,Graduate school,Married,38,140000,Month 5,-1,Payment Delayed
16722,Non-Defaulter,Male,High School,Single,31,30000,Month 3,0,Revolving Credit
2896,Defaulter,Male,Graduate school,Married,43,200000,Month 3,0,Revolving Credit
23631,Defaulter,Female,University,Single,44,150000,Month 6,0,Revolving Credit
10950,Defaulter,Female,Graduate school,Single,24,60000,Month 1,0,Revolving Credit
21784,Non-Defaulter,Female,Graduate school,Single,25,200000,Month 1,0,Revolving Credit
2261,Non-Defaulter,Female,University,Single,37,80000,Month 6,0,Revolving Credit
15666,Non-Defaulter,Female,High School,Married,42,60000,Month 5,-2,Account Closed
25208,Non-Defaulter,Female,University,Single,23,30000,Month 2,0,Revolving Credit
8720,Non-Defaulter,Male,Graduate school,Single,27,100000,Month 1,0,Revolving Credit
13752,Non-Defaulter,Female,Graduate school,Single,44,420000,Month 4,0,Revolving Credit
12805,Non-Defaulter,Female,Graduate school,Single,34,500000,Month 6,-2,Account Closed
28089,Non-Defaulter,Female,University,Married,40,150000,Month 4,-2,Account Closed
16445,Non-Defaulter,Female,University,Married,53,30000,Month 3,0,Revolving Credit
5311,Non-Defaulter,Female,High School,Single,31,100000,Month 3,0,Revolving Credit
13428,Non-Defaulter,Male,University,Single,24,50000,Month 2,0,Revolving Credit
10573,Non-Defaulter,Female,Graduate school,Single,29,360000,Month 4,-2,Account Closed
27223,Defaulter,Male,Graduate school,Single,30,160000,Month 6,-1,Payment Delayed
24780,Non-Defaulter,Male,University,Married,35,110000,Month 5,0,Revolving Credit
18435,Non-Defaulter,Female,University,Single,23,150000,Month 3,-1,Payment Delayed
2060,Non-Defaulter,Male,University,Married,48,220000,Month 6,-1,Payment Delayed
22594,Non-Defaulter,Female,Graduate school,Married,40,350000,Month 6,-2,Account Closed
19458,Non-Defaulter,Female,Graduate school,Single,37,200000,Month 1,0,Revolving Credit
22933,Non-Defaulter,Female,Graduate school,Married,32,80000,Month 2,-1,Payment Delayed
17482,Non-Defaulter,Female,University,Single,33,40000,Month 1,0,Revolving Credit
14805,Defaulter,Male,University,Married,49,60000,Month 5,0,Revolving Credit
7742,Defaulter,Male,University,Single,22,50000,Month 4,-1,Payment Delayed
9214,Non-Defaulter,Female,Graduate school,Married,37,200000,Month 5,0,Revolving Credit
10312,Non-Defaulter,Female,University,Married,45,110000,Month 5,0,Revolving Credit
9853,Non-Defaulter,Female,University,Single,25,20000,Month 1,0,Revolving Credit
12967,Defaulter,Male,University,Married,40,400000,Month 1,7,Delay 7 Months
13441,Defaulter,Female,University,Single,23,40000,Month 6,2,Delay 2 Months
3141,Defaulter,Female,University,Single,49,20000,Month 5,0,Revolving Credit
24801,Non-Defaulter,Male,High School,Single,44,50000,Month 5,0,Revolving Credit
23730,Non-Defaulter,Female,High School,Married,52,50000,Month 2,0,Revolving Credit
1713,Defaulter,Male,High School,Married,33,180000,Month 4,0,Revolving Credit
21677,Non-Defaulter,Female,Graduate school,Single,23,50000,Month 4,2,Delay 2 Months
1188,Non-Defaulter,Female,University,Married,50,50000,Month 3,-1,Payment Delayed
1227,Non-Defaulter,Female,High School,Married,41,240000,Month 1,-1,Payment Delayed
28855,Non-Defaulter,Female,Graduate school,Single,37,360000,Month 6,0,Revolving Credit
3093,Non-Defaulter,Male,University,Single,27,60000,Month 2,0,Revolving Credit
835,Non-Defaulter,Female,Graduate school,Single,23,20000,Month 3,0,Revolving Credit
19442,Non-Defaulter,Female,Graduate school,Single,45,30000,Month 1,1,Delay 1 Month
2953,Non-Defaulter,Female,University,Married,26,30000,Month 6,0,Revolving Credit
780,Non-Defaulter,Female,University,Single,31,50000,Month 2,-2,Account Closed
16191,Defaulter,Female,University,Single,36,10000,Month 4,0,Revolving Credit
14525,Non-Defaulter,Female,Graduate school,Single,31,380000,Month 3,-2,Account Closed
809,Non-Defaulter,Female,Graduate school,Single,26,190000,Month 5,0,Revolving Credit
2198,Non-Defaulter,Female,Graduate school,Married,47,1000000,Month 2,0,Revolving Credit
2020,Defaulter,Female,University,Married,36,50000,Month 3,0,Revolving Credit
2882,Non-Defaulter,Male,University,Single,23,50000,Month 2,-1,Payment Delayed
1258,Non-Defaulter,Female,Graduate school,Single,28,180000,Month 1,-1,Payment Delayed
11274,Non-Defaulter,Female,University,Single,29,50000,Month 1,0,Revolving Credit
27069,Defaulter,Male,University,Married,35,60000,Month 2,0,Revolving Credit
24146,Non-Defaulter,Male,Graduate school,Single,28,280000,Month 6,-2,Account Closed
5436,Non-Defaulter,Female,University,Single,41,240000,Month 6,0,Revolving Credit
9210,Non-Defaulter,Female,High School,Married,40,230000,Month 5,-1,Payment Delayed
9176,Non-Defaulter,Male,University,Single,30,240000,Month 4,0,Revolving Credit
23180,Non-Defaulter,Female,University,Married,34,190000,Month 2,-2,Account Closed
1372,Non-Defaulter,Female,University,Single,30,180000,Month 3,0,Revolving Credit
27956,Non-Defaulter,Female,University,Married,27,140000,Month 4,-1,Payment Delayed
15290,Defaulter,Female,University,Married,48,130000,Month 5,0,Revolving Credit
21754,Non-Defaulter,Female,University,Single,24,80000,Month 6,0,Revolving Credit
6923,Non-Defaulter,Female,Graduate school,Single,35,260000,Month 2,-1,Payment Delayed
2380,Non-Defaulter,Female,Graduate school,Married,41,500000,Month 3,0,Revolving Credit
15964,Non-Defaulter,Female,University,Married,35,70000,Month 3,0,Revolving Credit
257,Non-Defaulter,Female,University,Married,48,140000,Month 1,0,Revolving Credit
5335,Non-Defaulter,Female,High School,Single,25,80000,Month 5,0,Revolving Credit
16528,Non-Defaulter,Male,Graduate school,Single,27,140000,Month 6,0,Revolving Credit
11834,Non-Defaulter,Female,High School,Single,32,460000,Month 2,0,Revolving Credit
28064,Non-Defaulter,Female,High School,Married,44,50000,Month 1,0,Revolving Credit
2473,Non-Defaulter,Female,High School,Married,38,100000,Month 4,0,Revolving Credit
27508,Defaulter,Male,University,Married,54,80000,Month 2,0,Revolving Credit
19114,Non-Defaulter,Female,Graduate school,Single,30,210000,Month 6,-1,Payment Delayed
24727,Defaulter,Male,High School,Single,42,150000,Month 6,-2,Account Closed
20266,Non-Defaulter,Female,High School,Married,50,100000,Month 5,0,Revolving Credit
12518,Non-Defaulter,Female,University,Single,32,280000,Month 1,-2,Account Closed
27823,Non-Defaulter,Female,University,Married,27,120000,Month 2,0,Revolving Credit
18064,Non-Defaulter,Male,Graduate school,Married,34,150000,Month 5,-1,Payment Delayed
9017,Non-Defaulter,Female,University,Single,31,60000,Month 2,0,Revolving Credit
12455,Non-Defaulter,Male,Graduate school,Single,41,210000,Month 2,-1,Payment Delayed
7529,Defaulter,Female,Graduate school,Single,26,240000,Month 2,-2,Account Closed
23095,Defaulter,Female,High School,Married,49,180000,Month 2,0,Revolving Credit
13,Non-Defaulter,Female,University,Single,41,630000,Month 3,-1,Payment Delayed
28688,Non-Defaulter,Female,University,Married,31,200000,Month 6,-1,Payment Delayed
19509,Non-Defaulter,Female,University,Single,32,110000,Month 3,0,Revolving Credit
12978,Non-Defaulter,Male,University,Married,33,160000,Month 2,0,Revolving Credit
26182,Non-Defaulter,Female,University,Single,33,120000,Month 6,0,Revolving Credit
7375,Defaulter,Male,University,Single,38,180000,Month 5,0,Revolving Credit
24630,Defaulter,Male,Graduate school,Married,47,80000,Month 4,-1,Payment Delayed
15070,Non-Defaulter,Male,Graduate school,Married,35,400000,Month 4,-2,Account Closed
18331,Non-Defaulter,Female,University,Single,23,120000,Month 4,0,Revolving Credit
6280,Non-Defaulter,Female,University,Married,36,220000,Month 5,0,Revolving Credit
15145,Non-Defaulter,Female,Graduate school,Single,28,330000,Month 6,0,Revolving Credit
3031,Non-Defaulter,Male,Graduate school,Married,37,120000,Month 2,-1,Payment Delayed
4096,Non-Defaulter,Male,University,Single,43,80000,Month 2,0,Revolving Credit
23378,Defaulter,Female,University,Married,32,550000,Month 3,0,Revolving Credit
22315,Non-Defaulter,Female,University,Married,30,240000,Month 2,-1,Payment Delayed
8286,Non-Defaulter,Male,University,Married,25,30000,Month 1,-1,Payment Delayed
7400,Defaulter,Female,Graduate school,Single,26,40000,Month 3,2,Delay 2 Months
18552,Non-Defaulter,Female,University,Single,25,50000,Month 2,0,Revolving Credit
8902,Non-Defaulter,Female,Graduate school,Single,40,250000,Month 3,-1,Payment Delayed
6862,Defaulter,Female,Graduate school,Single,31,210000,Month 5,0,Revolving Credit
26251,Non-Defaulter,Female,Graduate school,0,31,210000,Month 1,-1,Payment Delayed
1019,Non-Defaulter,Female,High School,Married,40,240000,Month 4,-1,Payment Delayed
23723,Non-Defaulter,Female,High School,Married,59,50000,Month 3,-2,Account Closed
7809,Non-Defaulter,Male,High School,Single,29,50000,Month 3,0,Revolving Credit
18746,Non-Defaulter,Female,University,Single,29,230000,Month 3,0,Revolving Credit
29554,Non-Defaulter,Male,Graduate school,Single,32,450000,Month 4,-2,Account Closed
26185,Defaulter,Female,University,Married,38,450000,Month 1,-2,Account Closed
2131,Defaulter,Male,Graduate school,Married,57,140000,Month 1,2,Delay 2 Months
8933,Defaulter,Female,University,Single,42,240000,Month 3,2,Delay 2 Months
14462,Non-Defaulter,Male,Graduate school,Single,30,140000,Month 3,-1,Payment Delayed
7472,Non-Defaulter,Female,High School,Married,63,60000,Month 5,0,Revolving Credit
2901,Non-Defaulter,Male,Graduate school,Married,29,20000,Month 4,-1,Payment Delayed
5545,Non-Defaulter,Male,Graduate school,Single,27,200000,Month 2,-2,Account Closed
3788,Non-Defaulter,Female,Graduate school,Married,37,200000,Month 3,-2,Account Closed
13120,Non-Defaulter,Female,Graduate school,Married,42,120000,Month 3,0,Revolving Credit
16878,Defaulter,Male,University,Married,41,160000,Month 5,0,Revolving Credit
25911,Non-Defaulter,Female,University,Married,40,220000,Month 5,0,Revolving Credit
17307,Non-Defaulter,Female,University,Single,40,20000,Month 6,-2,Account Closed
14884,Defaulter,Female,University,Single,26,20000,Month 2,2,Delay 2 Months
8223,Non-Defaulter,Female,University,Single,37,120000,Month 5,-2,Account Closed
10620,Non-Defaulter,Male,University,Single,26,80000,Month 4,0,Revolving Credit
23334,Non-Defaulter,Female,Graduate school,Single,36,150000,Month 6,0,Revolving Credit
23459,Non-Defaulter,Female,University,Married,44,80000,Month 2,-2,Account Closed
19960,Non-Defaulter,Female,High School,Married,45,20000,Month 4,2,Delay 2 Months
26469,Non-Defaulter,Female,University,Married,50,50000,Month 6,0,Revolving Credit
10101,Non-Defaulter,Female,Graduate school,Married,63,280000,Month 3,-2,Account Closed
23996,Non-Defaulter,Male,University,Married,25,80000,Month 6,0,Revolving Credit
29370,Non-Defaulter,Male,University,Single,28,320000,Month 6,0,Revolving Credit
11530,Non-Defaulter,Male,High School,Married,42,80000,Month 2,-2,Account Closed
3597,Defaulter,Male,University,Single,27,80000,Month 6,0,Revolving Credit
23489,Non-Defaulter,Female,Graduate school,Single,32,390000,Month 3,0,Revolving Credit
14737,Non-Defaulter,Female,University,Married,41,110000,Month 6,0,Revolving Credit
19609,Non-Defaulter,Female,Others,Single,29,150000,Month 5,0,Revolving Credit
18440,Non-Defaulter,Female,High School,Single,23,30000,Month 5,0,Revolving Credit
117,Non-Defaulter,Male,Graduate school,Single,28,240000,Month 3,-1,Payment Delayed
25017,Non-Defaulter,Male,University,Married,54,260000,Month 2,0,Revolving Credit
23788,Non-Defaulter,Female,University,Married,49,30000,Month 2,2,Delay 2 Months
7151,Non-Defaulter,Female,High School,Married,54,230000,Month 5,-1,Payment Delayed
16365,Non-Defaulter,Female,University,Married,34,230000,Month 6,-1,Payment Delayed
24180,Non-Defaulter,Male,Graduate school,Single,30,360000,Month 4,-1,Payment Delayed
10065,Defaulter,Male,University,Single,28,60000,Month 4,0,Revolving Credit
12579,Non-Defaulter,Male,Graduate school,Married,56,500000,Month 4,-1,Payment Delayed
27876,Defaulter,Female,University,Single,27,110000,Month 1,1,Delay 1 Month
15297,Non-Defaulter,Female,High School,Married,44,420000,Month 1,1,Delay 1 Month
18214,Defaulter,Male,Graduate school,Other,50,300000,Month 2,0,Revolving Credit
13394,Non-Defaulter,Female,University,Married,35,200000,Month 6,0,Revolving Credit
1961,Defaulter,Female,University,Single,37,30000,Month 3,2,Delay 2 Months
5257,Non-Defaulter,Female,High School,Other,55,260000,Month 2,0,Revolving Credit
13701,Non-Defaulter,Female,University,Single,28,10000,Month 2,0,Revolving Credit
12179,Non-Defaulter,Female,Graduate school,Married,35,260000,Month 5,0,Revolving Credit
267,Non-Defaulter,Male,High School,Single,23,10000,Month 6,2,Delay 2 Months
14252,Defaulter,Female,University,Married,26,100000,Month 4,0,Revolving Credit
11914,Defaulter,Female,University,Single,24,20000,Month 4,0,Revolving Credit
24594,Non-Defaulter,Male,Graduate school,Single,47,290000,Month 6,-2,Account Closed
23839,Defaulter,Female,High School,Other,53,50000,Month 6,0,Revolving Credit
23425,Non-Defaulter,Female,Graduate school,Single,31,300000,Month 2,-1,Payment Delayed
20689,Non-Defaulter,Male,Graduate school,Single,31,440000,Month 5,0,Revolving Credit
29263,Non-Defaulter,Male,High School,Single,24,10000,Month 3,0,Revolving Credit
24155,Defaulter,Male,University,Single,29,110000,Month 2,2,Delay 2 Months
28583,Non-Defaulter,Female,Graduate school,Married,34,320000,Month 6,0,Revolving Credit
28013,Non-Defaulter,Female,Graduate school,Single,28,220000,Month 3,-1,Payment Delayed
15940,Defaulter,Female,University,Married,32,30000,Month 5,0,Revolving Credit
18862,Non-Defaulter,Female,University,Single,27,100000,Month 1,0,Revolving Credit
72,Defaulter,Male,University,Single,29,320000,Month 4,2,Delay 2 Months
17575,Non-Defaulter,Female,High School,Married,45,80000,Month 6,0,Revolving Credit
29142,Non-Defaulter,Female,Graduate school,Married,52,480000,Month 2,-2,Account Closed
23623,Non-Defaulter,Female,University,Married,40,300000,Month 4,-2,Account Closed
3333,Defaulter,Male,Graduate school,Married,59,500000,Month 1,-2,Account Closed
19610,Non-Defaulter,Female,University,Married,38,350000,Month 6,0,Revolving Credit
7856,Non-Defaulter,Female,University,Single,22,20000,Month 1,0,Revolving Credit
15835,Defaulter,Female,University,Single,27,360000,Month 6,-2,Account Closed
23787,Defaulter,Female,High School,Married,51,20000,Month 4,0,Revolving Credit
13312,Non-Defaulter,Female,Graduate school,Single,28,150000,Month 3,2,Delay 2 Months
24435,Defaulter,Male,High School,Married,39,50000,Month 1,0,Revolving Credit
11832,Non-Defaulter,Female,University,Single,28,160000,Month 2,-1,Payment Delayed
687,Defaulter,Female,High School,Married,41,20000,Month 6,0,Revolving Credit
229,Defaulter,Male,University,Single,23,50000,Month 6,0,Revolving Credit
11516,Non-Defaulter,Male,Graduate school,Single,33,300000,Month 6,-1,Payment Delayed
25419,Defaulter,Female,Graduate school,Single,29,110000,Month 2,0,Revolving Credit
7505,Defaulter,Male,University,Married,60,120000,Month 2,2,Delay 2 Months
13766,Non-Defaulter,Female,Graduate school,Single,31,160000,Month 6,-1,Payment Delayed
23157,Defaulter,Female,High School,Single,38,30000,Month 4,2,Delay 2 Months
1464,Non-Defaulter,Female,University,Married,50,300000,Month 1,-1,Payment Delayed
3265,Defaulter,Male,University,Married,62,20000,Month 2,0,Revolving Credit
9931,Non-Defaulter,Female,University,Married,36,50000,Month 6,-1,Payment Delayed
12275,Defaulter,Female,University,Single,23,40000,Month 5,0,Revolving Credit
21760,Defaulter,Female,University,Single,24,50000,Month 3,0,Revolving Credit
4905,Non-Defaulter,Female,University,Single,22,30000,Month 5,2,Delay 2 Months
4042,Non-Defaulter,Male,University,Single,36,20000,Month 2,0,Revolving Credit
5815,Non-Defaulter,Male,High School,Single,25,10000,Month 6,-1,Payment Delayed
1323,Non-Defaulter,Female,Graduate school,Married,42,360000,Month 4,0,Revolving Credit
16528,Non-Defaulter,Male,Graduate school,Single,27,140000,Month 4,0,Revolving Credit
18994,Non-Defaulter,Female,University,Single,28,30000,Month 2,0,Revolving Credit
15572,Non-Defaulter,Male,Graduate school,Married,50,500000,Month 1,-1,Payment Delayed
25902,Non-Defaulter,Female,University,Married,36,240000,Month 4,0,Revolving Credit
23196,Non-Defaulter,Female,University,Single,48,10000,Month 5,0,Revolving Credit
4615,Defaulter,Male,High School,Married,27,180000,Month 3,0,Revolving Credit
6004,Non-Defaulter,Male,Graduate school,Single,36,500000,Month 2,-1,Payment Delayed
3218,Non-Defaulter,Male,High School,Single,52,320000,Month 4,0,Revolving Credit
9008,Non-Defaulter,Female,Graduate school,Married,58,200000,Month 2,-2,Account Closed
15635,Non-Defaulter,Female,Graduate school,Married,38,200000,Month 5,-2,Account Closed
18295,Non-Defaulter,Male,University,Married,55,150000,Month 4,-1,Payment Delayed
19054,Defaulter,Female,High School,Married,37,80000,Month 2,0,Revolving Credit
6653,Non-Defaulter,Female,High School,Married,50,530000,Month 6,0,Revolving Credit
11262,Non-Defaulter,Female,University,Single,27,120000,Month 5,0,Revolving Credit
1153,Defaulter,Female,University,Single,42,180000,Month 5,2,Delay 2 Months
26088,Non-Defaulter,Female,University,Married,37,50000,Month 4,0,Revolving Credit
3615,Non-Defaulter,Male,High School,Single,32,150000,Month 4,0,Revolving Credit
2249,Defaulter,Female,Graduate school,Single,30,120000,Month 3,-1,Payment Delayed
23512,Non-Defaulter,Female,University,Single,32,350000,Month 5,-1,Payment Delayed
8365,Non-Defaulter,Male,University,Married,36,140000,Month 3,0,Revolving Credit
3868,Non-Defaulter,Female,Graduate school,Single,31,450000,Month 5,0,Revolving Credit
29368,Non-Defaulter,Male,University,Single,26,30000,Month 5,0,Revolving Credit
28314,Non-Defaulter,Female,High School,Married,34,120000,Month 2,-1,Payment Delayed
25,Non-Defaulter,Male,Graduate school,Single,23,90000,Month 4,-1,Payment Delayed
13608,Non-Defaulter,Female,Graduate school,Single,31,260000,Month 5,0,Revolving Credit
23736,Non-Defaulter,Female,University,Single,51,230000,Month 2,0,Revolving Credit
23028,Non-Defaulter,Female,Graduate school,Single,35,210000,Month 5,-1,Payment Delayed
26169,Defaulter,Female,Graduate school,Married,47,30000,Month 6,2,Delay 2 Months
26876,Non-Defaulter,Male,Graduate school,Single,35,280000,Month 2,0,Revolving Credit
15293,Non-Defaulter,Female,University,Married,45,200000,Month 3,-2,Account Closed
4114,Non-Defaulter,Female,High School,Married,25,30000,Month 4,0,Revolving Credit
14391,Non-Defaulter,Female,University,Married,34,310000,Month 3,0,Revolving Credit
2875,Non-Defaulter,Male,University,Single,25,20000,Month 4,0,Revolving Credit
7448,Defaulter,Female,University,Married,31,240000,Month 3,0,Revolving Credit
23459,Non-Defaulter,Female,University,Married,44,80000,Month 3,-2,Account Closed
27669,Defaulter,Female,Graduate school,Single,24,110000,Month 5,0,Revolving Credit
3785,Non-Defaulter,Male,Graduate school,Single,32,30000,Month 1,0,Revolving Credit
2635,Defaulter,Female,Graduate school,Married,42,200000,Month 4,-2,Account Closed
29440,Non-Defaulter,Male,Graduate school,Single,28,80000,Month 5,0,Revolving Credit
10993,Non-Defaulter,Female,Graduate school,Married,41,230000,Month 3,-1,Payment Delayed
26512,Non-Defaulter,Female,High School,Married,55,100000,Month 5,3,Delay 3 Months
5564,Non-Defaulter,Female,Graduate school,Single,25,210000,Month 1,-1,Payment Delayed
20497,Defaulter,Male,University,Single,26,140000,Month 5,2,Delay 2 Months
1375,Non-Defaulter,Male,University,Single,24,50000,Month 2,-1,Payment Delayed
14274,Non-Defaulter,Male,Graduate school,Single,42,200000,Month 4,0,Revolving Credit
1418,Non-Defaulter,Female,Graduate school,Single,29,80000,Month 3,-1,Payment Delayed
6949,Non-Defaulter,Female,Graduate school,Single,35,180000,Month 1,-1,Payment Delayed
22074,Non-Defaulter,Female,University,Single,29,400000,Month 2,-1,Payment Delayed
18202,Non-Defaulter,Male,Graduate school,Married,42,490000,Month 3,0,Revolving Credit
3185,Non-Defaulter,Female,University,Single,22,50000,Month 5,0,Revolving Credit
28947,Defaulter,Female,Graduate school,Married,37,500000,Month 2,-1,Payment Delayed
20339,Non-Defaulter,Female,High School,Married,58,50000,Month 3,2,Delay 2 Months
15318,Non-Defaulter,Female,Graduate school,Single,31,60000,Month 6,-2,Account Closed
8455,Defaulter,Female,Graduate school,Single,29,80000,Month 4,0,Revolving Credit
824,Non-Defaulter,Female,Graduate school,Single,22,20000,Month 5,0,Revolving Credit
8379,Non-Defaulter,Male,University,Married,39,60000,Month 2,0,Revolving Credit
981,Non-Defaulter,Female,Graduate school,Single,24,70000,Month 6,0,Revolving Credit
409,Non-Defaulter,Female,Graduate school,Single,27,320000,Month 6,0,Revolving Credit
7854,Non-Defaulter,Male,High School,Single,27,260000,Month 3,0,Revolving Credit
13795,Non-Defaulter,Male,University,Single,28,360000,Month 3,-2,Account Closed
29023,Non-Defaulter,Female,Graduate school,Single,28,90000,Month 3,0,Revolving Credit
12426,Non-Defaulter,Female,University,Single,26,140000,Month 1,0,Revolving Credit
18377,Non-Defaulter,Female,University,Single,23,100000,Month 6,0,Revolving Credit
3617,Non-Defaulter,Male,Graduate school,Single,29,10000,Month 3,0,Revolving Credit
16903,Non-Defaulter,Male,High School,Single,46,20000,Month 2,0,Revolving Credit
10699,Defaulter,Female,Graduate school,Married,39,200000,Month 2,-2,Account Closed
19724,Non-Defaulter,Female,Graduate school,Married,44,500000,Month 2,-1,Payment Delayed
13884,Defaulter,Female,University,Married,35,740000,Month 6,-1,Payment Delayed
13896,Defaulter,Male,University,Married,50,20000,Month 2,2,Delay 2 Months
24249,Defaulter,Male,Graduate school,Single,31,90000,Month 2,2,Delay 2 Months
15334,Non-Defaulter,Female,University,Single,37,180000,Month 3,-2,Account Closed
1028,Non-Defaulter,Female,Graduate school,Single,41,450000,Month 1,-1,Payment Delayed
26640,Non-Defaulter,Male,Graduate school,Single,26,90000,Month 5,0,Revolving Credit
9306,Defaulter,Male,University,Married,45,140000,Month 2,3,Delay 3 Months
13209,Non-Defaulter,Male,University,Single,34,30000,Month 1,0,Revolving Credit
22049,Non-Defaulter,Female,University,Single,28,220000,Month 6,-1,Payment Delayed
12225,Defaulter,Male,University,Single,28,80000,Month 1,3,Delay 3 Months
21520,Non-Defaulter,Female,University,Married,33,70000,Month 5,0,Revolving Credit
11051,Non-Defaulter,Male,Graduate school,Single,30,260000,Month 1,-2,Account Closed
14801,Defaulter,Male,High School,Single,36,110000,Month 3,-1,Payment Delayed
14146,Non-Defaulter,Male,Graduate school,Married,41,170000,Month 3,0,Revolving Credit
11172,Defaulter,Male,University,Married,37,70000,Month 3,0,Revolving Credit
18075,Defaulter,Male,Graduate school,Single,34,40000,Month 5,0,Revolving Credit
28165,Non-Defaulter,Female,Graduate school,Married,30,210000,Month 5,0,Revolving Credit
10089,Defaulter,Male,High School,Married,47,70000,Month 6,0,Revolving Credit
7433,Non-Defaulter,Male,University,Single,28,30000,Month 2,-1,Payment Delayed
20654,Non-Defaulter,Male,University,Single,30,310000,Month 6,0,Revolving Credit
2768,Defaulter,Female,University,Single,24,80000,Month 4,0,Revolving Credit
7957,Non-Defaulter,Female,University,Single,23,30000,Month 3,-1,Payment Delayed
24824,Non-Defaulter,Male,Graduate school,Married,31,130000,Month 5,-2,Account Closed
16290,Defaulter,Female,High School,Married,41,100000,Month 5,0,Revolving Credit
17874,Non-Defaulter,Male,Graduate school,Single,29,130000,Month 1,0,Revolving Credit
14299,Non-Defaulter,Female,University,Married,37,30000,Month 1,0,Revolving Credit
25805,Non-Defaulter,Female,University,Single,27,80000,Month 1,0,Revolving Credit
4034,Non-Defaulter,Female,Graduate school,Single,32,710000,Month 3,0,Revolving Credit
13847,Non-Defaulter,Male,High School,Married,45,90000,Month 2,0,Revolving Credit
21865,Defaulter,Female,University,Single,25,90000,Month 4,0,Revolving Credit
14092,Non-Defaulter,Female,Graduate school,Single,29,50000,Month 6,0,Revolving Credit
26772,Non-Defaulter,Male,Graduate school,Married,30,180000,Month 2,1,Delay 1 Month
25259,Non-Defaulter,Female,Graduate school,Single,23,80000,Month 6,-1,Payment Delayed
16728,Defaulter,Male,University,Single,33,80000,Month 6,0,Revolving Credit
10181,Defaulter,Female,University,Single,25,40000,Month 6,2,Delay 2 Months
28209,Non-Defaulter,Female,University,Single,38,370000,Month 4,0,Revolving Credit
21402,Defaulter,Female,University,Other,59,120000,Month 1,2,Delay 2 Months
17655,Non-Defaulter,Female,Graduate school,Married,41,240000,Month 2,-1,Payment Delayed
20613,Non-Defaulter,Male,Graduate school,Single,26,70000,Month 4,0,Revolving Credit
4999,Non-Defaulter,Male,High School,Married,44,310000,Month 5,0,Revolving Credit
9961,Non-Defaulter,Female,University,Single,27,140000,Month 3,0,Revolving Credit
15960,Defaulter,Female,University,Married,34,50000,Month 4,2,Delay 2 Months
26141,Non-Defaulter,Female,University,Married,37,150000,Month 2,-1,Payment Delayed
967,Non-Defaulter,Male,Graduate school,Single,28,30000,Month 5,-1,Payment Delayed
27708,Non-Defaulter,Female,Graduate school,Single,25,150000,Month 6,0,Revolving Credit
16966,Non-Defaulter,Male,Graduate school,Married,56,140000,Month 4,-1,Payment Delayed
15121,Non-Defaulter,Male,High School,Married,61,300000,Month 3,0,Revolving Credit
13126,Non-Defaulter,Male,Graduate school,Married,34,400000,Month 4,-2,Account Closed
15591,Non-Defaulter,Male,University,Single,51,110000,Month 1,0,Revolving Credit
14753,Non-Defaulter,Female,Graduate school,Single,26,200000,Month 5,0,Revolving Credit
5617,Non-Defaulter,Female,University,Married,35,20000,Month 1,0,Revolving Credit
18770,Non-Defaulter,Female,University,Married,26,80000,Month 4,0,Revolving Credit
9537,Defaulter,Female,University,Single,26,240000,Month 6,0,Revolving Credit
6316,Defaulter,Male,Graduate school,Single,24,10000,Month 6,0,Revolving Credit
4831,Non-Defaulter,Male,University,Single,36,140000,Month 4,0,Revolving Credit
17184,Non-Defaulter,Female,University,Married,26,340000,Month 1,0,Revolving Credit
2230,Non-Defaulter,Female,University,Married,38,170000,Month 3,-1,Payment Delayed
29358,Non-Defaulter,Male,Graduate school,Single,28,70000,Month 6,0,Revolving Credit
23742,Defaulter,Female,Graduate school,Married,54,200000,Month 1,-2,Account Closed
15149,Defaulter,Male,Graduate school,Married,53,250000,Month 4,-2,Account Closed
15304,Defaulter,Female,High School,Married,41,140000,Month 4,0,Revolving Credit
21483,Non-Defaulter,Female,University,Single,35,490000,Month 3,0,Revolving Credit
10971,Defaulter,Male,University,Married,37,60000,Month 5,0,Revolving Credit
18774,Defaulter,Female,University,Single,27,50000,Month 2,2,Delay 2 Months
13679,Non-Defaulter,Male,University,Married,22,20000,Month 5,0,Revolving Credit
9893,Defaulter,Female,Graduate school,Single,25,150000,Month 3,2,Delay 2 Months
8707,Non-Defaulter,Female,University,Married,36,270000,Month 3,-2,Account Closed
3345,Defaulter,Female,High School,Married,29,30000,Month 6,0,Revolving Credit
19498,Non-Defaulter,Female,Unknown,Single,34,180000,Month 2,-1,Payment Delayed
8658,Defaulter,Female,Graduate school,Single,26,80000,Month 5,0,Revolving Credit
21963,Non-Defaulter,Female,Graduate school,Single,27,150000,Month 3,-2,Account Closed
9555,Non-Defaulter,Female,High School,Married,48,200000,Month 2,-2,Account Closed
4288,Non-Defaulter,Male,Unknown,Single,23,60000,Month 3,-1,Payment Delayed
2397,Non-Defaulter,Male,University,Married,29,200000,Month 1,0,Revolving Credit
8808,Non-Defaulter,Male,Graduate school,Married,49,280000,Month 3,-1,Payment Delayed
22666,Non-Defaulter,Female,High School,Married,33,140000,Month 2,0,Revolving Credit
17336,Non-Defaulter,Female,High School,Married,36,500000,Month 5,-2,Account Closed
8520,Non-Defaulter,Female,High School,Single,48,140000,Month 5,0,Revolving Credit
3977,Non-Defaulter,Female,University,Single,25,50000,Month 3,0,Revolving Credit
18514,Defaulter,Female,University,Married,24,60000,Month 2,2,Delay 2 Months
7194,Defaulter,Female,University,Single,26,150000,Month 6,2,Delay 2 Months
9149,Defaulter,Female,University,Single,46,10000,Month 2,0,Revolving Credit
19054,Defaulter,Female,High School,Married,37,80000,Month 1,0,Revolving Credit
27481,Non-Defaulter,Male,Graduate school,Married,57,500000,Month 5,-2,Account Closed
5415,Non-Defaulter,Female,Graduate school,Married,44,280000,Month 6,0,Revolving Credit
5221,Non-Defaulter,Male,Graduate school,Single,35,170000,Month 2,0,Revolving Credit
9653,Non-Defaulter,Female,University,Married,26,300000,Month 2,-1,Payment Delayed
21375,Non-Defaulter,Male,University,Married,58,50000,Month 6,-2,Account Closed
28844,Non-Defaulter,Female,Graduate school,Married,41,180000,Month 2,0,Revolving Credit
21376,Non-Defaulter,Male,High School,Married,54,760000,Month 5,0,Revolving Credit
21691,Non-Defaulter,Female,University,Single,25,40000,Month 3,0,Revolving Credit
12034,Non-Defaulter,Female,Others,Single,23,150000,Month 5,0,Revolving Credit
5475,Defaulter,Female,Graduate school,Single,36,290000,Month 1,1,Delay 1 Month
6573,Non-Defaulter,Female,Graduate school,Single,26,90000,Month 6,0,Revolving Credit
803,Non-Defaulter,Female,High School,Married,44,50000,Month 3,-1,Payment Delayed
25798,Defaulter,Female,Graduate school,Single,38,100000,Month 3,2,Delay 2 Months
10738,Non-Defaulter,Female,Graduate school,Married,39,160000,Month 6,-2,Account Closed
19254,Non-Defaulter,Female,University,Married,44,70000,Month 6,0,Revolving Credit
13336,Defaulter,Male,High School,Single,28,100000,Month 1,-1,Payment Delayed
11638,Non-Defaulter,Male,University,Single,28,50000,Month 5,0,Revolving Credit
27374,Non-Defaulter,Male,Graduate school,Single,34,450000,Month 5,-1,Payment Delayed
1811,Non-Defaulter,Male,University,Single,36,20000,Month 5,0,Revolving Credit
12004,Non-Defaulter,Male,University,Married,35,30000,Month 2,-2,Account Closed
12235,Defaulter,Male,University,Married,30,110000,Month 1,0,Revolving Credit
27871,Non-Defaulter,Female,Graduate school,Single,27,140000,Month 6,-2,Account Closed
1834,Non-Defaulter,Male,High School,Single,24,60000,Month 1,0,Revolving Credit
26324,Non-Defaulter,Female,Graduate school,Single,36,450000,Month 1,-1,Payment Delayed
9391,Non-Defaulter,Male,Graduate school,Single,42,400000,Month 5,-2,Account Closed
19508,Non-Defaulter,Female,University,Married,32,240000,Month 2,-2,Account Closed
9025,Non-Defaulter,Female,Graduate school,Married,37,140000,Month 5,0,Revolving Credit
10212,Defaulter,Female,University,Married,34,160000,Month 4,0,Revolving Credit
26318,Non-Defaulter,Female,University,Married,38,280000,Month 4,0,Revolving Credit
24987,Non-Defaulter,Male,High School,Married,38,20000,Month 2,0,Revolving Credit
22717,Non-Defaulter,Female,University,Married,36,240000,Month 5,0,Revolving Credit
18470,Non-Defaulter,Female,Graduate school,Single,26,110000,Month 2,0,Revolving Credit
29529,Non-Defaulter,Male,University,Married,47,20000,Month 3,0,Revolving Credit
16557,Non-Defaulter,Male,University,Single,27,180000,Month 5,0,Revolving Credit
22095,Defaulter,Female,University,Married,28,230000,Month 5,2,Delay 2 Months
22568,Defaulter,Male,Graduate school,Single,31,280000,Month 5,-2,Account Closed
10118,Non-Defaulter,Female,Graduate school,Single,29,220000,Month 2,-1,Payment Delayed
21753,Non-Defaulter,Female,Graduate school,Single,24,50000,Month 5,0,Revolving Credit
2217,Non-Defaulter,Female,Graduate school,Single,36,300000,Month 6,-2,Account Closed
16111,Defaulter,Female,University,Married,33,200000,Month 3,0,Revolving Credit
25792,Non-Defaulter,Female,University,Married,45,360000,Month 3,0,Revolving Credit
17321,Non-Defaulter,Female,University,Single,29,30000,Month 6,-2,Account Closed
10044,Non-Defaulter,Male,University,Married,50,50000,Month 2,0,Revolving Credit
4220,Non-Defaulter,Female,Graduate school,Single,30,340000,Month 6,-2,Account Closed
21305,Non-Defaulter,Male,Graduate school,Married,50,260000,Month 6,-2,Account Closed
5381,Non-Defaulter,Male,University,Single,23,20000,Month 6,0,Revolving Credit
21287,Non-Defaulter,Male,High School,Married,57,110000,Month 1,-1,Payment Delayed
21638,Non-Defaulter,Female,Graduate school,Single,23,10000,Month 3,2,Delay 2 Months
7184,Non-Defaulter,Female,University,Single,21,20000,Month 1,0,Revolving Credit
20261,Non-Defaulter,Female,University,Single,51,150000,Month 3,-1,Payment Delayed
5214,Non-Defaulter,Female,University,Married,30,500000,Month 1,-2,Account Closed
25602,Non-Defaulter,Female,Unknown,Other,40,200000,Month 3,0,Revolving Credit
9536,Non-Defaulter,Male,Graduate school,Single,26,200000,Month 3,-1,Payment Delayed
24816,Non-Defaulter,Male,University,Single,32,350000,Month 5,0,Revolving Credit
4074,Non-Defaulter,Male,University,Single,49,120000,Month 5,0,Revolving Credit
10419,Defaulter,Male,Graduate school,Married,64,500000,Month 2,-2,Account Closed
19958,Non-Defaulter,Female,University,Married,45,50000,Month 5,0,Revolving Credit
21486,Defaulter,Female,University,Married,24,20000,Month 2,2,Delay 2 Months
958,Defaulter,Female,Graduate school,Married,34,200000,Month 2,0,Revolving Credit
12328,Non-Defaulter,Female,University,Married,46,200000,Month 3,-2,Account Closed
11259,Defaulter,Male,University,Married,38,250000,Month 6,-1,Payment Delayed
20278,Non-Defaulter,Female,High School,Married,53,100000,Month 4,0,Revolving Credit
25029,Non-Defaulter,Male,High School,Married,61,460000,Month 6,-1,Payment Delayed
21564,Non-Defaulter,Female,High School,Single,23,30000,Month 1,3,Delay 3 Months
12880,Non-Defaulter,Female,Graduate school,Married,32,200000,Month 1,0,Revolving Credit
18676,Non-Defaulter,Female,Graduate school,Single,29,130000,Month 1,-1,Payment Delayed
10624,Non-Defaulter,Female,High School,Married,27,50000,Month 1,0,Revolving Credit
23769,Non-Defaulter,Female,University,Married,50,50000,Month 4,2,Delay 2 Months
6410,Non-Defaulter,Male,University,Single,48,80000,Month 2,0,Revolving Credit
19909,Defaulter,Female,University,Single,31,80000,Month 4,-1,Payment Delayed
19796,Non-Defaulter,Female,University,Single,43,290000,Month 1,-1,Payment Delayed
2157,Defaulter,Female,Graduate school,Single,25,290000,Month 2,0,Revolving Credit
1666,Non-Defaulter,Male,University,Married,31,30000,Month 4,-1,Payment Delayed
25555,Non-Defaulter,Female,High School,Single,40,450000,Month 6,0,Revolving Credit
23404,Non-Defaulter,Female,Graduate school,Single,33,50000,Month 6,0,Revolving Credit
15474,Non-Defaulter,Male,Graduate school,Married,39,360000,Month 4,-2,Account Closed
2318,Non-Defaulter,Male,University,Married,46,50000,Month 3,0,Revolving Credit
3017,Non-Defaulter,Male,Graduate school,Single,22,20000,Month 3,0,Revolving Credit
20420,Non-Defaulter,Male,Graduate school,Single,24,50000,Month 4,0,Revolving Credit
21491,Non-Defaulter,Female,University,Single,29,200000,Month 6,0,Revolving Credit
2760,Non-Defaulter,Female,Graduate school,Single,31,150000,Month 5,0,Revolving Credit
16137,Non-Defaulter,Female,University,Married,37,220000,Month 1,1,Delay 1 Month
17072,Defaulter,Female,University,Married,26,50000,Month 6,0,Revolving Credit
28287,Defaulter,Female,University,Married,32,30000,Month 1,1,Delay 1 Month
3066,Defaulter,Male,Graduate school,Single,25,70000,Month 3,2,Delay 2 Months
23281,Non-Defaulter,Female,University,Married,36,250000,Month 5,0,Revolving Credit
397,Non-Defaulter,Male,Graduate school,Single,38,100000,Month 6,0,Revolving Credit
20048,Non-Defaulter,Female,Graduate school,Married,44,180000,Month 4,-2,Account Closed
12814,Non-Defaulter,Male,University,Married,58,120000,Month 4,-1,Payment Delayed
10630,Non-Defaulter,Male,University,Single,33,210000,Month 6,0,Revolving Credit
16865,Non-Defaulter,Male,Graduate school,Single,38,30000,Month 6,0,Revolving Credit
8685,Non-Defaulter,Female,High School,Single,34,150000,Month 2,-2,Account Closed
21485,Non-Defaulter,Female,University,Single,23,50000,Month 3,0,Revolving Credit
7690,Defaulter,Male,University,Married,35,110000,Month 2,0,Revolving Credit
25847,Non-Defaulter,Female,University,Married,27,80000,Month 6,0,Revolving Credit
2012,Non-Defaulter,Male,Graduate school,Married,51,150000,Month 4,0,Revolving Credit
12906,Non-Defaulter,Female,Graduate school,Single,33,400000,Month 6,-1,Payment Delayed
7066,Non-Defaulter,Female,Graduate school,Single,25,70000,Month 4,0,Revolving Credit
3654,Non-Defaulter,Male,High School,Married,51,100000,Month 5,0,Revolving Credit
4274,Defaulter,Male,Graduate school,Married,49,200000,Month 1,-1,Payment Delayed
4222,Defaulter,Female,Graduate school,Married,36,150000,Month 1,-1,Payment Delayed
29138,Non-Defaulter,Female,University,Married,51,330000,Month 6,0,Revolving Credit
24032,Non-Defaulter,Male,Graduate school,Single,26,80000,Month 4,-1,Payment Delayed
12786,Non-Defaulter,Female,University,Married,40,240000,Month 6,-1,Payment Delayed
3591,Non-Defaulter,Male,University,Married,47,20000,Month 6,0,Revolving Credit
8499,Non-Defaulter,Male,University,Single,34,10000,Month 6,0,Revolving Credit
6210,Non-Defaulter,Female,Graduate school,Single,30,150000,Month 2,0,Revolving Credit
593,Non-Defaulter,Male,Graduate school,Married,35,50000,Month 2,0,Revolving Credit
20157,Non-Defaulter,Female,University,Married,40,150000,Month 6,0,Revolving Credit
16328,Non-Defaulter,Female,Graduate school,Married,49,180000,Month 2,-2,Account Closed
12860,Non-Defaulter,Male,Graduate school,Married,41,170000,Month 3,0,Revolving Credit
7300,Non-Defaulter,Female,High School,Married,49,90000,Month 6,-1,Payment Delayed
15513,Defaulter,Male,University,Married,37,30000,Month 2,2,Delay 2 Months
22935,Non-Defaulter,Female,Graduate school,Single,29,230000,Month 4,-1,Payment Delayed
18399,Non-Defaulter,Female,University,Single,23,210000,Month 3,0,Revolving Credit
28195,Non-Defaulter,Female,High School,Married,49,130000,Month 3,0,Revolving Credit
26200,Non-Defaulter,Female,University,Single,39,210000,Month 1,0,Revolving Credit
16793,Non-Defaulter,Male,University,Single,34,30000,Month 6,2,Delay 2 Months
29473,Non-Defaulter,Male,University,Married,32,250000,Month 4,-1,Payment Delayed
29257,Non-Defaulter,Male,High School,Single,24,20000,Month 2,0,Revolving Credit
2121,Non-Defaulter,Female,Graduate school,Single,28,90000,Month 5,0,Revolving Credit
15467,Non-Defaulter,Male,Graduate school,Single,30,220000,Month 6,0,Revolving Credit
5179,Non-Defaulter,Male,Graduate school,Married,39,260000,Month 5,0,Revolving Credit
23083,Defaulter,Female,Graduate school,Married,47,100000,Month 6,2,Delay 2 Months
4856,Defaulter,Female,Graduate school,Single,35,50000,Month 6,0,Revolving Credit
5157,Non-Defaulter,Male,Graduate school,Single,30,150000,Month 1,0,Revolving Credit
16265,Defaulter,Female,University,Married,40,70000,Month 5,0,Revolving Credit
12894,Non-Defaulter,Female,University,Married,39,320000,Month 3,0,Revolving Credit
21049,Defaulter,Male,University,Married,38,100000,Month 2,-1,Payment Delayed
25577,Non-Defaulter,Male,High School,Single,46,210000,Month 5,0,Revolving Credit
2531,Defaulter,Male,University,Single,24,30000,Month 6,-2,Account Closed
29219,Non-Defaulter,Male,University,Single,24,60000,Month 5,0,Revolving Credit
5369,Non-Defaulter,Female,University,Married,44,100000,Month 4,0,Revolving Credit
27749,Defaulter,Female,University,Single,26,130000,Month 2,0,Revolving Credit
14899,Non-Defaulter,Female,University,Married,40,360000,Month 2,-2,Account Closed
22208,Non-Defaulter,Female,Graduate school,Single,24,110000,Month 1,0,Revolving Credit
17680,Non-Defaulter,Female,Graduate school,Single,34,70000,Month 3,0,Revolving Credit
4508,Defaulter,Male,High School,Single,42,30000,Month 3,3,Delay 3 Months
3158,Non-Defaulter,Female,Graduate school,Single,26,50000,Month 4,0,Revolving Credit
26633,Non-Defaulter,Male,Graduate school,Single,25,10000,Month 5,0,Revolving Credit
22782,Non-Defaulter,Female,University,Single,46,120000,Month 6,0,Revolving Credit
5608,Non-Defaulter,Female,University,Single,32,300000,Month 3,0,Revolving Credit
12683,Non-Defaulter,Female,University,Other,41,30000,Month 2,-1,Payment Delayed
27452,Non-Defaulter,Male,University,Single,42,110000,Month 4,0,Revolving Credit
23810,Non-Defaulter,Female,University,Married,50,410000,Month 5,0,Revolving Credit
13316,Defaulter,Female,University,Married,40,240000,Month 1,-2,Account Closed
28756,Non-Defaulter,Female,Graduate school,Single,35,500000,Month 2,0,Revolving Credit
2655,Non-Defaulter,Female,High School,Single,23,50000,Month 5,0,Revolving Credit
15521,Non-Defaulter,Male,University,Single,32,180000,Month 4,0,Revolving Credit
24695,Non-Defaulter,Male,University,Married,29,60000,Month 6,0,Revolving Credit
20260,Non-Defaulter,Female,High School,Married,57,80000,Month 2,0,Revolving Credit
7905,Non-Defaulter,Female,Graduate school,Married,50,90000,Month 3,0,Revolving Credit
8700,Non-Defaulter,Male,High School,Married,37,10000,Month 2,0,Revolving Credit
13471,Defaulter,Male,Graduate school,Married,36,200000,Month 2,-2,Account Closed
21522,Non-Defaulter,Female,University,Single,22,50000,Month 3,0,Revolving Credit
26208,Non-Defaulter,Female,High School,Married,36,180000,Month 1,0,Revolving Credit
23031,Defaulter,Female,Graduate school,Married,33,150000,Month 5,2,Delay 2 Months
6723,Non-Defaulter,Male,Graduate school,Married,47,560000,Month 1,-1,Payment Delayed
23879,Non-Defaulter,Male,University,Single,25,60000,Month 3,0,Revolving Credit
28834,Non-Defaulter,Female,Graduate school,Married,45,50000,Month 1,1,Delay 1 Month
28362,Non-Defaulter,Female,Graduate school,Married,40,200000,Month 4,-1,Payment Delayed
27059,Non-Defaulter,Male,University,Single,34,100000,Month 3,0,Revolving Credit
4879,Non-Defaulter,Female,Graduate school,Single,27,80000,Month 2,-1,Payment Delayed
27104,Non-Defaulter,Male,Graduate school,Single,30,220000,Month 3,-2,Account Closed
22890,Non-Defaulter,Female,University,Married,42,280000,Month 2,-2,Account Closed
20430,Defaulter,Male,Graduate school,Single,24,10000,Month 3,0,Revolving Credit
8264,Non-Defaulter,Male,University,Married,42,350000,Month 1,-1,Payment Delayed
9628,Non-Defaulter,Male,Graduate school,Single,36,460000,Month 5,0,Revolving Credit
14068,Non-Defaulter,Male,High School,Single,44,50000,Month 3,0,Revolving Credit
17853,Non-Defaulter,Male,Graduate school,Single,26,150000,Month 1,0,Revolving Credit
22840,Non-Defaulter,Female,High School,Married,38,120000,Month 3,0,Revolving Credit
27868,Non-Defaulter,Female,University,Single,26,140000,Month 3,-1,Payment Delayed
9129,Non-Defaulter,Female,Graduate school,Married,39,420000,Month 1,0,Revolving Credit
9834,Non-Defaulter,Female,High School,Married,41,30000,Month 3,-2,Account Closed
2983,Non-Defaulter,Female,Graduate school,Single,30,170000,Month 3,-2,Account Closed
29080,Non-Defaulter,Female,University,Married,55,400000,Month 4,0,Revolving Credit
22988,Non-Defaulter,Female,Graduate school,Single,38,80000,Month 4,-2,Account Closed
2735,Non-Defaulter,Female,University,Single,47,240000,Month 3,-2,Account Closed
28569,Non-Defaulter,Female,High School,Married,40,180000,Month 1,0,Revolving Credit
2283,Non-Defaulter,Female,High School,Married,49,90000,Month 2,0,Revolving Credit
4351,Defaulter,Female,Graduate school,Single,34,170000,Month 6,-1,Payment Delayed
20688,Non-Defaulter,Male,Graduate school,Single,28,180000,Month 1,2,Delay 2 Months
15557,Non-Defaulter,Male,Graduate school,Married,42,500000,Month 1,0,Revolving Credit
